{
  "hash": "75810e86",
  "configHash": "54349c18",
  "lockfileHash": "070e85a0",
  "browserHash": "4f71d2a1",
  "optimized": {
    "@angular/common": {
      "src": "../../../../../node_modules/@angular/common/fesm2022/common.mjs",
      "file": "@angular_common.js",
      "fileHash": "28adfb70",
      "needsInterop": false
    },
    "@angular/common/http": {
      "src": "../../../../../node_modules/@angular/common/fesm2022/http.mjs",
      "file": "@angular_common_http.js",
      "fileHash": "40bf0265",
      "needsInterop": false
    },
    "@angular/core": {
      "src": "../../../../../node_modules/@angular/core/fesm2022/core.mjs",
      "file": "@angular_core.js",
      "fileHash": "8a24cdb7",
      "needsInterop": false
    },
    "@angular/forms": {
      "src": "../../../../../node_modules/@angular/forms/fesm2022/forms.mjs",
      "file": "@angular_forms.js",
      "fileHash": "22296fdb",
      "needsInterop": false
    },
    "@angular/material/button": {
      "src": "../../../../../node_modules/@angular/material/fesm2022/button.mjs",
      "file": "@angular_material_button.js",
      "fileHash": "fb919cad",
      "needsInterop": false
    },
    "@angular/material/dialog": {
      "src": "../../../../../node_modules/@angular/material/fesm2022/dialog.mjs",
      "file": "@angular_material_dialog.js",
      "fileHash": "6a6a2813",
      "needsInterop": false
    },
    "@angular/material/form-field": {
      "src": "../../../../../node_modules/@angular/material/fesm2022/form-field.mjs",
      "file": "@angular_material_form-field.js",
      "fileHash": "1713d9ed",
      "needsInterop": false
    },
    "@angular/material/icon": {
      "src": "../../../../../node_modules/@angular/material/fesm2022/icon.mjs",
      "file": "@angular_material_icon.js",
      "fileHash": "4a65a727",
      "needsInterop": false
    },
    "@angular/material/input": {
      "src": "../../../../../node_modules/@angular/material/fesm2022/input.mjs",
      "file": "@angular_material_input.js",
      "fileHash": "1c02c1a6",
      "needsInterop": false
    },
    "@angular/material/menu": {
      "src": "../../../../../node_modules/@angular/material/fesm2022/menu.mjs",
      "file": "@angular_material_menu.js",
      "fileHash": "abe8acea",
      "needsInterop": false
    },
    "@angular/material/snack-bar": {
      "src": "../../../../../node_modules/@angular/material/fesm2022/snack-bar.mjs",
      "file": "@angular_material_snack-bar.js",
      "fileHash": "2dc4828f",
      "needsInterop": false
    },
    "@angular/material/toolbar": {
      "src": "../../../../../node_modules/@angular/material/fesm2022/toolbar.mjs",
      "file": "@angular_material_toolbar.js",
      "fileHash": "9d9ef433",
      "needsInterop": false
    },
    "@angular/material/tooltip": {
      "src": "../../../../../node_modules/@angular/material/fesm2022/tooltip.mjs",
      "file": "@angular_material_tooltip.js",
      "fileHash": "477d1948",
      "needsInterop": false
    },
    "@angular/platform-browser": {
      "src": "../../../../../node_modules/@angular/platform-browser/fesm2022/platform-browser.mjs",
      "file": "@angular_platform-browser.js",
      "fileHash": "7a428359",
      "needsInterop": false
    },
    "@angular/platform-browser/animations": {
      "src": "../../../../../node_modules/@angular/platform-browser/fesm2022/animations.mjs",
      "file": "@angular_platform-browser_animations.js",
      "fileHash": "e94d9bd1",
      "needsInterop": false
    },
    "@angular/platform-browser/animations/async": {
      "src": "../../../../../node_modules/@angular/platform-browser/fesm2022/animations/async.mjs",
      "file": "@angular_platform-browser_animations_async.js",
      "fileHash": "8885d30e",
      "needsInterop": false
    },
    "@angular/router": {
      "src": "../../../../../node_modules/@angular/router/fesm2022/router.mjs",
      "file": "@angular_router.js",
      "fileHash": "4e396a75",
      "needsInterop": false
    },
    "file-saver": {
      "src": "../../../../../node_modules/file-saver/dist/FileSaver.min.js",
      "file": "file-saver.js",
      "fileHash": "e361bfb3",
      "needsInterop": true
    },
    "jquery": {
      "src": "../../../../../node_modules/jquery/dist/jquery.js",
      "file": "jquery.js",
      "fileHash": "594f000f",
      "needsInterop": true
    },
    "ngx-spinner": {
      "src": "../../../../../node_modules/ngx-spinner/fesm2022/ngx-spinner.mjs",
      "file": "ngx-spinner.js",
      "fileHash": "7ba5bf77",
      "needsInterop": false
    },
    "ngx-toastr": {
      "src": "../../../../../node_modules/ngx-toastr/fesm2022/ngx-toastr.mjs",
      "file": "ngx-toastr.js",
      "fileHash": "1f998c1b",
      "needsInterop": false
    }
  },
  "chunks": {
    "browser-GIUYZGKB": {
      "file": "browser-GIUYZGKB.js"
    },
    "chunk-GLBPS3YD": {
      "file": "chunk-GLBPS3YD.js"
    },
    "chunk-TS2HYOZI": {
      "file": "chunk-TS2HYOZI.js"
    },
    "chunk-5KWY4TAT": {
      "file": "chunk-5KWY4TAT.js"
    },
    "chunk-3HMOYXYY": {
      "file": "chunk-3HMOYXYY.js"
    },
    "chunk-UPD7EOQ3": {
      "file": "chunk-UPD7EOQ3.js"
    },
    "chunk-6H3PHBSH": {
      "file": "chunk-6H3PHBSH.js"
    },
    "chunk-NRSF2FWL": {
      "file": "chunk-NRSF2FWL.js"
    },
    "chunk-WYHLMZWZ": {
      "file": "chunk-WYHLMZWZ.js"
    },
    "chunk-WU63TYZ5": {
      "file": "chunk-WU63TYZ5.js"
    },
    "chunk-R5AGMBIT": {
      "file": "chunk-R5AGMBIT.js"
    },
    "chunk-FW4ILWIW": {
      "file": "chunk-FW4ILWIW.js"
    },
    "chunk-WKYGNSYM": {
      "file": "chunk-WKYGNSYM.js"
    }
  }
}